N,Dot,
5,0.115913,
5,0.017508,
10,0.017508,
20,0.020526,
35,0.022941,
50,0.023545,
75,0.027167,
100,0.029582,
150,0.035619,
200,0.041052,
500,0.062786,
836,0.100216,
1000,0.114101,
2000,0.223373,
3000,0.294611,
5000,0.893493,
