N,Dot,
5,0.086934,
5,0.021130,
10,0.022337,
20,0.021734,
35,0.025960,
50,0.047089,
75,0.032600,
100,0.041052,
150,0.050108,
200,0.068219,
500,0.121346,
836,0.183528,
1000,0.214921,
2000,0.459424,
3000,1.072192,
5000,1.684959,
